380	1. FC Heidenheim	18	2036
350	1. FC Köln	18	3
340	1899 Hoffenheim	18	533
276	AC Milan	15	5
325	Alaves	17	1108
352	Angers	19	1420
299	Arsenal	16	11
282	AS Roma	15	12
311	Aston Villa	16	405
283	Atalanta	15	800
316	Athletic Club	17	621
315	Atletico Madrid	17	13
364	Auxerre	19	290
314	Barcelona	17	131
341	Bayer Leverkusen	18	15
334	Bayern München	18	27
284	Bologna	15	1025
339	Borussia Dortmund	18	16
337	Borussia Mönchengladbach	18	18
296	Bournemouth	16	989
306	Brentford	16	1148
304	Brighton	16	1237
374	Burnley	16	1132
277	Cagliari	15	1390
321	Celta Vigo	17	940
302	Chelsea	16	631
292	Como	15	1047
371	Cremonese	15	2239
305	Crystal Palace	16	873
342	Eintracht Frankfurt	18	24
332	Elche	17	1531
385	Empoli	15	749
323	Espanyol	17	714
300	Everton	16	29
343	FC Augsburg	18	167
381	FC St. Pauli	18	35
285	Fiorentina	15	430
338	FSV Mainz 05	18	39
297	Fulham	16	931
280	Genoa	15	252
328	Getafe	17	3709
376	Girona	17	12321
347	Hamburger SV	18	41
370	Hellas Verona	15	276
392	Holstein Kiel	18	269
287	Inter	15	46
307	Ipswich	16	677
281	Juventus	15	506
388	Las Palmas	17	472
274	Lazio	15	398
366	Le Havre	19	738
291	Lecce	15	1005
308	Leeds	16	399
389	Leganes	17	1244
387	Leicester	16	1003
368	Lens	19	826
322	Levante	17	3368
353	Lille	19	1082
298	Liverpool	16	31
362	Lorient	19	1158
354	Lyon	19	1041
378	Mallorca	17	237
303	Manchester City	16	281
294	Manchester United	16	985
355	Marseille	19	244
383	Metz	19	347
358	Monaco	19	162
393	Montpellier	19	969
293	Monza	15	2919
382	Nantes	19	995
278	Napoli	15	6195
295	Newcastle	16	762
356	Nice	19	417
310	Nottingham Forest	16	703
330	Osasuna	17	331
377	Oviedo	17	2497
367	Paris FC	19	10004
357	Paris Saint Germain	19	583
290	Parma	15	130
372	Pisa	15	4172
331	Rayo Vallecano	17	367
345	RB Leipzig	18	23826
326	Real Betis	17	150
324	Real Madrid	17	418
329	Real Sociedad	17	681
394	Reims	19	1421
359	Rennes	19	273
384	Saint Etienne	19	618
275	Sassuolo	15	6574
335	SC Freiburg	18	60
349	SC Paderborn 07	18	127
320	Sevilla	17	368
386	Southampton	16	180
363	Stade Brestois 29	19	3911
360	Strasbourg	19	667
312	Sunderland	16	289
286	Torino	15	416
301	Tottenham	16	148
361	Toulouse	19	415
279	Udinese	15	410
348	Union Berlin	18	89
317	Valencia	17	1049
390	Valladolid	17	366
289	Venezia	15	607
344	VfB Stuttgart	18	79
391	VfL Bochum	18	80
379	VfL Wolfsburg	18	82
318	Villarreal	17	1050
336	Werder Bremen	18	86
375	West Ham	16	379
373	Wolves	16	543
